{"accuracy": 0.8779296875, "precision": 0.9066764505811769, "recall": 0.9230621338420743, "f1_score": 0.910924863454401, "inference_time": 0.006576057756319642}