{"accuracy": 0.564453125, "precision": 0.618622036637931, "recall": 0.36869775039216707, "f1_score": 0.3770127946622123, "inference_time": 0.006685401313006878}
